产品名称,产品链接
Ai Pakistani,https://aipakistani.com/
Aithor,https://aithor.com/zh-ch
InclusivitEasy,https://inclusiviteasy.com/
Proposal Genie,https://www.proposalgenie.ai/
GetDraft,https://getdraft.ai/
小门道AI,https://www.xiaomendao.cn/
茅茅虫,https://www.mmc.cc/
XXAI,https://www.hixx.ai/
Stansa AI,https://stansa.ai/
Wispr Flow,https://wisprflow.ai/
Uncheck AI,https://uncheck.ai/
HandtextAI,https://handtextai.com/
图灵论文AI,https://turingpub.com/
爱校对,https://www.ijiaodui.com/
Turnitin,https://www.turnitin.com/
AI HUMANIZE,https://aihumanize.io/
超级小说家AI,https://www.36ma.com
Rephrasy,https://www.rephrasy.ai/
Humanizer Pro,https://www.humanizer.pro/
HyperWrite,https://www.hyperwriteai.com/
Rubriq,https://rubriq.cn/
落笔AI写作,https://luobi.net/
ClosersCopy,https://www.closerscopy.com/
Knowee,https://www.knowee.ai/
悟智AI,https://www.wuz.com.cn/
AI Researcher,https://ai-researcher.net/
HIX AI,https://hix.ai
百度橙篇,
清华智谱清言,https://chatglm.cn/
GPTZero,https://gptzero.me/
百度文库,
PaperBetter,https://ai.paperbetter.com/
范文喵,https://ai.wolian.chat/
Bearly,https://bearly.ai/
笔墨写作,https://bimoxiezuo.com/agi
Copymatic,https://copymatic.ai/
Copysmith,https://copysmith.ai/
Effidit,https://effidit.qq.com/
Gerwin AI,https://gerwin.io/
Anyword,https://www.anyword.com/
NovelAI,https://novelai.net/
ProWritingAid,https://prowritingaid.com/
Punchlines,https://punchlines.ai/
QuillBot,https://quillbot.com/
Rytr,https://rytr.me/
TextCortex,https://textcortex.com/
Wordvice,https://wordvice.ai/
笔杆论文,https://write.bigan.net/#/home
ReadPo,https://readpo.com/zh
68爱写,https://www.68aixie.com/
爱改写,https://www.aigaixie.com/
白果AI论文助手,https://www.baiguoai.com/
笔目鱼,https://www.bmysci.com/
GPT Chatbot,https://www.chat-gpt.ing/
COMPOSE AI,https://www.compose.ai/
dishgen,https://www.dishgen.com/
Paperpal,https://www.editage.cn/paperpal
Grammarly,https://www.grammarly.com/
梅子Ai论文,https://www.meizilunwen.com/
Mendeley,https://www.mendeley.com/
魔法AI,https://www.mofaai.com.cn/
锐智AI,https://www.ruifou.com/
Scholarcy,https://www.scholarcy.com/
Swell AI,https://www.swellai.com/
文赋Ai论文,https://www.wenfuai.com/
WordTune,https://www.wordtune.com/
小绿鲸,https://www.xljsci.com/
Yaara,https://www.yaara.ai/
小鸽子,https://xgz.hingecloud.com/xgz/index.htm
无忧秘书AI创作平台,https://hm.umi6.com/
炼丹家,https://www.liandanjia.com/app/home
AI Dungeon,https://play.aidungeon.com/
ReadMeX,https://readmex.com/
WordAi,https://wordai.com/
学境思源,https://www.acaids.com/
快标书AI,https://www.kuaibiaoshu.com/
千笔,https://www.qianbixiezuo.com/
巧文书,https://www.qiaowenshu.cn/
小羊标书,https://xiaoyangbiaoshu.com/
智标领航,https://zblh.cn/
钛投标,https://taitoubiao.com/landing
Jenni AI,https://jenni.ai/
NovelistAI,https://novelistai.com/
MagickPen,https://magickpen.com/zh/
editGPT,https://editgpt.app/
Copy AI,https://www.copy.ai/
毕业宝,https://biye000.com/
秘塔写作猫,https://xiezuocat.com/
新华妙笔,https://miaobi.xinhuaskl.com/
笔灵AI,https://ibiling.cn/
讯飞绘文,https://turbodesk.xfyun.cn/home
蛙蛙写作,https://wawawriter.com/app/
LyricStudio,https://lyricstudio.net/
Jasper,https://jasper.ai
Writesonic,https://writesonic.com/
AI Detector,https://ai-detector.info/
